GEO_ID,NAME,P1_001N,P1_001NA
Geography,Geographic Area Name, !!Total,Annotation of  !!Total
860Z200US89010,ZCTA5 89010,333,null
860Z200US89019,ZCTA5 89019,2501,null
860Z200US89060,ZCTA5 89060,11857,null
860Z200US89061,ZCTA5 89061,7891,null
860Z200US89439,ZCTA5 89439,2154,null
860Z200US90001,ZCTA5 90001,55859,null
860Z200US90002,ZCTA5 90002,53150,null
860Z200US90003,ZCTA5 90003,72764,null
860Z200US90004,ZCTA5 90004,58585,null
860Z200US90005,ZCTA5 90005,37987,null
860Z200US90006,ZCTA5 90006,58229,null
860Z200US90007,ZCTA5 90007,40944,null
860Z200US90008,ZCTA5 90008,33041,null
860Z200US90010,ZCTA5 90010,5400,null
860Z200US90011,ZCTA5 90011,102308,null
860Z200US90012,ZCTA5 90012,33851,null
860Z200US90013,ZCTA5 90013,15589,null
860Z200US90014,ZCTA5 90014,9254,null
860Z200US90015,ZCTA5 90015,27324,null
860Z200US90016,ZCTA5 90016,46512,null
860Z200US90017,ZCTA5 90017,27295,null
860Z200US90018,ZCTA5 90018,50179,null
860Z200US90019,ZCTA5 90019,62002,null
860Z200US90020,ZCTA5 90020,38694,null
860Z200US90021,ZCTA5 90021,5192,null
860Z200US90022,ZCTA5 90022,64517,null
860Z200US90023,ZCTA5 90023,45939,null
860Z200US90024,ZCTA5 90024,52862,null
860Z200US90025,ZCTA5 90025,45466,null
860Z200US90026,ZCTA5 90026,63329,null
860Z200US90027,ZCTA5 90027,44471,null
860Z200US90028,ZCTA5 90028,32330,null
860Z200US90029,ZCTA5 90029,34695,null
860Z200US90031,ZCTA5 90031,37333,null
860Z200US90032,ZCTA5 90032,43506,null
860Z200US90033,ZCTA5 90033,46081,null
860Z200US90034,ZCTA5 90034,57152,null
860Z200US90035,ZCTA5 90035,30294,null
860Z200US90036,ZCTA5 90036,39549,null
860Z200US90037,ZCTA5 90037,63706,null
860Z200US90038,ZCTA5 90038,27414,null
860Z200US90039,ZCTA5 90039,28059,null
860Z200US90040,ZCTA5 90040,12089,null
860Z200US90041,ZCTA5 90041,26654,null
860Z200US90042,ZCTA5 90042,58295,null
860Z200US90043,ZCTA5 90043,46179,null
860Z200US90044,ZCTA5 90044,94354,null
860Z200US90045,ZCTA5 90045,41035,null
860Z200US90046,ZCTA5 90046,49987,null
860Z200US90047,ZCTA5 90047,50154,null
860Z200US90048,ZCTA5 90048,22604,null
860Z200US90049,ZCTA5 90049,36980,null
860Z200US90052,ZCTA5 90052,13,null
860Z200US90056,ZCTA5 90056,8184,null
860Z200US90057,ZCTA5 90057,45510,null
860Z200US90058,ZCTA5 90058,3751,null
860Z200US90059,ZCTA5 90059,43551,null
860Z200US90061,ZCTA5 90061,29570,null
860Z200US90062,ZCTA5 90062,32524,null
860Z200US90063,ZCTA5 90063,50227,null
860Z200US90064,ZCTA5 90064,27553,null
860Z200US90065,ZCTA5 90065,44328,null
860Z200US90066,ZCTA5 90066,55304,null
860Z200US90067,ZCTA5 90067,3344,null
860Z200US90068,ZCTA5 90068,24361,null
860Z200US90069,ZCTA5 90069,20584,null
860Z200US90071,ZCTA5 90071,907,null
860Z200US90073,ZCTA5 90073,936,null
860Z200US90077,ZCTA5 90077,8874,null
860Z200US90079,ZCTA5 90079,16,null
860Z200US90089,ZCTA5 90089,5172,null
860Z200US90094,ZCTA5 90094,12746,null
860Z200US90095,ZCTA5 90095,1,null
860Z200US90201,ZCTA5 90201,95810,null
860Z200US90210,ZCTA5 90210,21134,null
860Z200US90211,ZCTA5 90211,8260,null
860Z200US90212,ZCTA5 90212,11451,null
860Z200US90220,ZCTA5 90220,50412,null
860Z200US90221,ZCTA5 90221,52561,null
860Z200US90222,ZCTA5 90222,32397,null
860Z200US90230,ZCTA5 90230,32743,null
860Z200US90232,ZCTA5 90232,16452,null
860Z200US90240,ZCTA5 90240,26495,null
860Z200US90241,ZCTA5 90241,44921,null
860Z200US90242,ZCTA5 90242,42939,null
860Z200US90245,ZCTA5 90245,17272,null
860Z200US90247,ZCTA5 90247,48543,null
860Z200US90248,ZCTA5 90248,11295,null
860Z200US90249,ZCTA5 90249,27125,null
860Z200US90250,ZCTA5 90250,97653,null
860Z200US90254,ZCTA5 90254,19736,null
860Z200US90255,ZCTA5 90255,71157,null
860Z200US90260,ZCTA5 90260,33338,null
860Z200US90262,ZCTA5 90262,67099,null
860Z200US90263,ZCTA5 90263,1972,null
860Z200US90265,ZCTA5 90265,15186,null
860Z200US90266,ZCTA5 90266,35506,null
860Z200US90270,ZCTA5 90270,25113,null
860Z200US90272,ZCTA5 90272,22849,null
860Z200US90274,ZCTA5 90274,25307,null
860Z200US90275,ZCTA5 90275,42452,null
860Z200US90277,ZCTA5 90277,37856,null
860Z200US90278,ZCTA5 90278,42188,null
860Z200US90280,ZCTA5 90280,92678,null
860Z200US90290,ZCTA5 90290,6640,null
860Z200US90291,ZCTA5 90291,28442,null
860Z200US90292,ZCTA5 90292,27681,null
860Z200US90293,ZCTA5 90293,12633,null
860Z200US90301,ZCTA5 90301,36270,null
860Z200US90302,ZCTA5 90302,29264,null
860Z200US90303,ZCTA5 90303,24490,null
860Z200US90304,ZCTA5 90304,26058,null
860Z200US90305,ZCTA5 90305,15367,null
860Z200US90401,ZCTA5 90401,8167,null
860Z200US90402,ZCTA5 90402,12295,null
860Z200US90403,ZCTA5 90403,25278,null
860Z200US90404,ZCTA5 90404,21995,null
860Z200US90405,ZCTA5 90405,27966,null
860Z200US90501,ZCTA5 90501,43990,null
860Z200US90502,ZCTA5 90502,18977,null
860Z200US90503,ZCTA5 90503,45386,null
860Z200US90504,ZCTA5 90504,32503,null
860Z200US90505,ZCTA5 90505,36643,null
860Z200US90506,ZCTA5 90506,0,null
860Z200US90601,ZCTA5 90601,32625,null
860Z200US90602,ZCTA5 90602,25521,null
860Z200US90603,ZCTA5 90603,21174,null
860Z200US90604,ZCTA5 90604,40110,null
860Z200US90605,ZCTA5 90605,40189,null
860Z200US90606,ZCTA5 90606,32078,null
860Z200US90620,ZCTA5 90620,46564,null
860Z200US90621,ZCTA5 90621,36972,null
860Z200US90623,ZCTA5 90623,15906,null
860Z200US90630,ZCTA5 90630,49965,null
860Z200US90631,ZCTA5 90631,69533,null
860Z200US90638,ZCTA5 90638,46967,null
860Z200US90639,ZCTA5 90639,1511,null
860Z200US90640,ZCTA5 90640,62678,null
860Z200US90650,ZCTA5 90650,102891,null
860Z200US90660,ZCTA5 90660,62013,null
860Z200US90670,ZCTA5 90670,17761,null
860Z200US90680,ZCTA5 90680,30045,null
860Z200US90701,ZCTA5 90701,16434,null
860Z200US90703,ZCTA5 90703,49735,null
860Z200US90704,ZCTA5 90704,3715,null
860Z200US90706,ZCTA5 90706,79179,null
860Z200US90710,ZCTA5 90710,26605,null
860Z200US90712,ZCTA5 90712,32332,null
860Z200US90713,ZCTA5 90713,28755,null
860Z200US90715,ZCTA5 90715,20999,null
860Z200US90716,ZCTA5 90716,14098,null
860Z200US90717,ZCTA5 90717,22044,null
860Z200US90720,ZCTA5 90720,22955,null
860Z200US90723,ZCTA5 90723,53770,null
860Z200US90731,ZCTA5 90731,61270,null
860Z200US90732,ZCTA5 90732,21397,null
860Z200US90740,ZCTA5 90740,24769,null
860Z200US90742,ZCTA5 90742,748,null
860Z200US90743,ZCTA5 90743,466,null
860Z200US90744,ZCTA5 90744,53074,null
860Z200US90745,ZCTA5 90745,59937,null
860Z200US90746,ZCTA5 90746,27147,null
860Z200US90747,ZCTA5 90747,22,null
860Z200US90755,ZCTA5 90755,11923,null
860Z200US90802,ZCTA5 90802,41686,null
860Z200US90803,ZCTA5 90803,32192,null
860Z200US90804,ZCTA5 90804,39370,null
860Z200US90805,ZCTA5 90805,95350,null
860Z200US90806,ZCTA5 90806,41611,null
860Z200US90807,ZCTA5 90807,32412,null
860Z200US90808,ZCTA5 90808,39747,null
860Z200US90810,ZCTA5 90810,38529,null
860Z200US90813,ZCTA5 90813,54565,null
860Z200US90814,ZCTA5 90814,19042,null
860Z200US90815,ZCTA5 90815,41837,null
860Z200US90822,ZCTA5 90822,54,null
860Z200US90831,ZCTA5 90831,0,null
860Z200US90840,ZCTA5 90840,8,null
860Z200US91001,ZCTA5 91001,36578,null
860Z200US91006,ZCTA5 91006,31949,null
860Z200US91007,ZCTA5 91007,33804,null
860Z200US91008,ZCTA5 91008,1010,null
860Z200US91010,ZCTA5 91010,26730,null
860Z200US91011,ZCTA5 91011,20588,null
860Z200US91016,ZCTA5 91016,41852,null
860Z200US91020,ZCTA5 91020,8439,null
860Z200US91024,ZCTA5 91024,11268,null
860Z200US91030,ZCTA5 91030,26927,null
860Z200US91040,ZCTA5 91040,21588,null
860Z200US91042,ZCTA5 91042,28036,null
860Z200US91046,ZCTA5 91046,141,null
860Z200US91101,ZCTA5 91101,20583,null
860Z200US91103,ZCTA5 91103,26887,null
860Z200US91104,ZCTA5 91104,34707,null
860Z200US91105,ZCTA5 91105,13869,null
860Z200US91106,ZCTA5 91106,24172,null
860Z200US91107,ZCTA5 91107,33729,null
860Z200US91108,ZCTA5 91108,12777,null
860Z200US91125,ZCTA5 91125,161,null
860Z200US91201,ZCTA5 91201,22608,null
860Z200US91202,ZCTA5 91202,22875,null
860Z200US91203,ZCTA5 91203,16930,null
860Z200US91204,ZCTA5 91204,17302,null
860Z200US91205,ZCTA5 91205,36693,null
860Z200US91206,ZCTA5 91206,33252,null
860Z200US91207,ZCTA5 91207,10369,null
860Z200US91208,ZCTA5 91208,16776,null
860Z200US91210,ZCTA5 91210,555,null
860Z200US91214,ZCTA5 91214,31097,null
860Z200US91301,ZCTA5 91301,24790,null
860Z200US91302,ZCTA5 91302,25468,null
860Z200US91303,ZCTA5 91303,28457,null
860Z200US91304,ZCTA5 91304,52386,null
860Z200US91306,ZCTA5 91306,46669,null
860Z200US91307,ZCTA5 91307,24855,null
860Z200US91311,ZCTA5 91311,39014,null
860Z200US91316,ZCTA5 91316,28777,null
860Z200US91320,ZCTA5 91320,44462,null
860Z200US91321,ZCTA5 91321,33560,null
860Z200US91324,ZCTA5 91324,29500,null
860Z200US91325,ZCTA5 91325,35250,null
860Z200US91326,ZCTA5 91326,38041,null
860Z200US91330,ZCTA5 91330,2273,null
860Z200US91331,ZCTA5 91331,100720,null
860Z200US91335,ZCTA5 91335,76650,null
860Z200US91340,ZCTA5 91340,34610,null
860Z200US91342,ZCTA5 91342,96429,null
860Z200US91343,ZCTA5 91343,62595,null
860Z200US91344,ZCTA5 91344,52481,null
860Z200US91345,ZCTA5 91345,18895,null
860Z200US91350,ZCTA5 91350,41514,null
860Z200US91351,ZCTA5 91351,34684,null
860Z200US91352,ZCTA5 91352,47274,null
860Z200US91354,ZCTA5 91354,33962,null
860Z200US91355,ZCTA5 91355,32886,null
860Z200US91356,ZCTA5 91356,30664,null
860Z200US91360,ZCTA5 91360,43046,null
860Z200US91361,ZCTA5 91361,20262,null
860Z200US91362,ZCTA5 91362,35803,null
860Z200US91364,ZCTA5 91364,27071,null
860Z200US91367,ZCTA5 91367,46498,null
860Z200US91371,ZCTA5 91371,14,null
860Z200US91377,ZCTA5 91377,13898,null
860Z200US91381,ZCTA5 91381,20862,null
860Z200US91384,ZCTA5 91384,28585,null
860Z200US91387,ZCTA5 91387,45749,null
860Z200US91390,ZCTA5 91390,20128,null
860Z200US91401,ZCTA5 91401,39621,null
860Z200US91402,ZCTA5 91402,70140,null
860Z200US91403,ZCTA5 91403,25329,null
860Z200US91405,ZCTA5 91405,55319,null
860Z200US91406,ZCTA5 91406,53252,null
860Z200US91411,ZCTA5 91411,24984,null
860Z200US91423,ZCTA5 91423,32635,null
860Z200US91436,ZCTA5 91436,15189,null
860Z200US91501,ZCTA5 91501,21157,null
860Z200US91502,ZCTA5 91502,11665,null
860Z200US91504,ZCTA5 91504,26678,null
860Z200US91505,ZCTA5 91505,32371,null
860Z200US91506,ZCTA5 91506,19338,null
860Z200US91601,ZCTA5 91601,39429,null
860Z200US91602,ZCTA5 91602,19647,null
860Z200US91604,ZCTA5 91604,30947,null
860Z200US91605,ZCTA5 91605,54341,null
860Z200US91606,ZCTA5 91606,43955,null
860Z200US91607,ZCTA5 91607,30502,null
860Z200US91608,ZCTA5 91608,37,null
860Z200US91701,ZCTA5 91701,38778,null
860Z200US91702,ZCTA5 91702,62328,null
860Z200US91706,ZCTA5 91706,73313,null
860Z200US91708,ZCTA5 91708,14381,null
860Z200US91709,ZCTA5 91709,78530,null
860Z200US91710,ZCTA5 91710,82576,null
860Z200US91711,ZCTA5 91711,38122,null
860Z200US91722,ZCTA5 91722,36111,null
860Z200US91723,ZCTA5 91723,19653,null
860Z200US91724,ZCTA5 91724,27180,null
860Z200US91730,ZCTA5 91730,68883,null
860Z200US91731,ZCTA5 91731,28197,null
860Z200US91732,ZCTA5 91732,60137,null
860Z200US91733,ZCTA5 91733,41990,null
860Z200US91737,ZCTA5 91737,24568,null
860Z200US91739,ZCTA5 91739,42411,null
860Z200US91740,ZCTA5 91740,26644,null
860Z200US91741,ZCTA5 91741,26999,null
860Z200US91744,ZCTA5 91744,81817,null
860Z200US91745,ZCTA5 91745,54280,null
860Z200US91746,ZCTA5 91746,29509,null
860Z200US91748,ZCTA5 91748,44737,null
860Z200US91750,ZCTA5 91750,33376,null
860Z200US91752,ZCTA5 91752,38610,null
860Z200US91754,ZCTA5 91754,33300,null
860Z200US91755,ZCTA5 91755,27637,null
860Z200US91759,ZCTA5 91759,432,null
860Z200US91761,ZCTA5 91761,60306,null
860Z200US91762,ZCTA5 91762,62524,null
860Z200US91763,ZCTA5 91763,37631,null
860Z200US91764,ZCTA5 91764,55322,null
860Z200US91765,ZCTA5 91765,46449,null
860Z200US91766,ZCTA5 91766,70701,null
860Z200US91767,ZCTA5 91767,51654,null
860Z200US91768,ZCTA5 91768,35568,null
860Z200US91770,ZCTA5 91770,59360,null
860Z200US91773,ZCTA5 91773,34592,null
860Z200US91775,ZCTA5 91775,24252,null
860Z200US91776,ZCTA5 91776,38031,null
860Z200US91780,ZCTA5 91780,35751,null
860Z200US91784,ZCTA5 91784,26718,null
860Z200US91786,ZCTA5 91786,55763,null
860Z200US91789,ZCTA5 91789,41235,null
860Z200US91790,ZCTA5 91790,46364,null
860Z200US91791,ZCTA5 91791,34267,null
860Z200US91792,ZCTA5 91792,30683,null
860Z200US91801,ZCTA5 91801,53669,null
860Z200US91803,ZCTA5 91803,29374,null
860Z200US91901,ZCTA5 91901,17688,null
860Z200US91902,ZCTA5 91902,17902,null
860Z200US91905,ZCTA5 91905,1799,null
860Z200US91906,ZCTA5 91906,3904,null
860Z200US91910,ZCTA5 91910,79613,null
860Z200US91911,ZCTA5 91911,85442,null
860Z200US91913,ZCTA5 91913,55923,null
860Z200US91914,ZCTA5 91914,17522,null
860Z200US91915,ZCTA5 91915,33218,null
860Z200US91916,ZCTA5 91916,1720,null
860Z200US91917,ZCTA5 91917,1126,null
860Z200US91931,ZCTA5 91931,481,null
860Z200US91932,ZCTA5 91932,26013,null
860Z200US91934,ZCTA5 91934,693,null
860Z200US91935,ZCTA5 91935,8841,null
860Z200US91941,ZCTA5 91941,33895,null
860Z200US91942,ZCTA5 91942,40813,null
860Z200US91945,ZCTA5 91945,27814,null
860Z200US91948,ZCTA5 91948,87,null
860Z200US91950,ZCTA5 91950,57849,null
860Z200US91962,ZCTA5 91962,1860,null
860Z200US91963,ZCTA5 91963,1101,null
860Z200US91977,ZCTA5 91977,60795,null
860Z200US91978,ZCTA5 91978,9949,null
860Z200US91980,ZCTA5 91980,145,null
860Z200US92003,ZCTA5 92003,4781,null
860Z200US92004,ZCTA5 92004,3414,null
860Z200US92007,ZCTA5 92007,10981,null
860Z200US92008,ZCTA5 92008,27282,null
860Z200US92009,ZCTA5 92009,44816,null
860Z200US92010,ZCTA5 92010,18887,null
860Z200US92011,ZCTA5 92011,23757,null
860Z200US92014,ZCTA5 92014,13203,null
860Z200US92019,ZCTA5 92019,45108,null
860Z200US92020,ZCTA5 92020,60454,null
860Z200US92021,ZCTA5 92021,70584,null
860Z200US92024,ZCTA5 92024,51190,null
860Z200US92025,ZCTA5 92025,51586,null
860Z200US92026,ZCTA5 92026,52797,null
860Z200US92027,ZCTA5 92027,56840,null
860Z200US92028,ZCTA5 92028,51614,null
860Z200US92029,ZCTA5 92029,21236,null
860Z200US92036,ZCTA5 92036,3735,null
860Z200US92037,ZCTA5 92037,41260,null
860Z200US92040,ZCTA5 92040,43640,null
860Z200US92054,ZCTA5 92054,38667,null
860Z200US92055,ZCTA5 92055,9684,null
860Z200US92056,ZCTA5 92056,53750,null
860Z200US92057,ZCTA5 92057,57844,null
860Z200US92058,ZCTA5 92058,45389,null
860Z200US92059,ZCTA5 92059,1872,null
860Z200US92060,ZCTA5 92060,288,null
860Z200US92061,ZCTA5 92061,2246,null
860Z200US92064,ZCTA5 92064,48884,null
860Z200US92065,ZCTA5 92065,37047,null
860Z200US92066,ZCTA5 92066,330,null
860Z200US92067,ZCTA5 92067,9344,null
860Z200US92069,ZCTA5 92069,49407,null
860Z200US92070,ZCTA5 92070,1093,null
860Z200US92071,ZCTA5 92071,60163,null
860Z200US92075,ZCTA5 92075,12051,null
860Z200US92078,ZCTA5 92078,52347,null
860Z200US92081,ZCTA5 92081,28745,null
860Z200US92082,ZCTA5 92082,20860,null
860Z200US92083,ZCTA5 92083,39219,null
860Z200US92084,ZCTA5 92084,49941,null
860Z200US92086,ZCTA5 92086,1490,null
860Z200US92091,ZCTA5 92091,1571,null
860Z200US92092,ZCTA5 92092,5251,null
860Z200US92093,ZCTA5 92093,5076,null
860Z200US92096,ZCTA5 92096,35,null
860Z200US92101,ZCTA5 92101,47505,null
860Z200US92102,ZCTA5 92102,39783,null
860Z200US92103,ZCTA5 92103,33311,null
860Z200US92104,ZCTA5 92104,44265,null
860Z200US92105,ZCTA5 92105,66579,null
860Z200US92106,ZCTA5 92106,20214,null
860Z200US92107,ZCTA5 92107,28684,null
860Z200US92108,ZCTA5 92108,24266,null
860Z200US92109,ZCTA5 92109,44671,null
860Z200US92110,ZCTA5 92110,31048,null
860Z200US92111,ZCTA5 92111,46686,null
860Z200US92113,ZCTA5 92113,50457,null
860Z200US92114,ZCTA5 92114,66248,null
860Z200US92115,ZCTA5 92115,64251,null
860Z200US92116,ZCTA5 92116,31523,null
860Z200US92117,ZCTA5 92117,51505,null
860Z200US92118,ZCTA5 92118,20629,null
860Z200US92119,ZCTA5 92119,24298,null
860Z200US92120,ZCTA5 92120,30768,null
860Z200US92121,ZCTA5 92121,4658,null
860Z200US92122,ZCTA5 92122,45646,null
860Z200US92123,ZCTA5 92123,30937,null
860Z200US92124,ZCTA5 92124,30530,null
860Z200US92126,ZCTA5 92126,74788,null
860Z200US92127,ZCTA5 92127,52274,null
860Z200US92128,ZCTA5 92128,49083,null
860Z200US92129,ZCTA5 92129,52415,null
860Z200US92130,ZCTA5 92130,61595,null
860Z200US92131,ZCTA5 92131,36394,null
860Z200US92132,ZCTA5 92132,0,null
860Z200US92134,ZCTA5 92134,396,null
860Z200US92135,ZCTA5 92135,1610,null
860Z200US92136,ZCTA5 92136,7014,null
860Z200US92139,ZCTA5 92139,35771,null
860Z200US92140,ZCTA5 92140,2183,null
860Z200US92145,ZCTA5 92145,6057,null
860Z200US92147,ZCTA5 92147,256,null
860Z200US92154,ZCTA5 92154,84027,null
860Z200US92155,ZCTA5 92155,210,null
860Z200US92161,ZCTA5 92161,66,null
860Z200US92173,ZCTA5 92173,29703,null
860Z200US92179,ZCTA5 92179,3824,null
860Z200US92182,ZCTA5 92182,27,null
860Z200US92201,ZCTA5 92201,66989,null
860Z200US92203,ZCTA5 92203,31366,null
860Z200US92210,ZCTA5 92210,4757,null
860Z200US92211,ZCTA5 92211,26403,null
860Z200US92220,ZCTA5 92220,32947,null
860Z200US92222,ZCTA5 92222,64,null
860Z200US92223,ZCTA5 92223,59924,null
860Z200US92225,ZCTA5 92225,21104,null
860Z200US92227,ZCTA5 92227,27492,null
860Z200US92230,ZCTA5 92230,2650,null
860Z200US92231,ZCTA5 92231,39542,null
860Z200US92233,ZCTA5 92233,7019,null
860Z200US92234,ZCTA5 92234,51509,null
860Z200US92236,ZCTA5 92236,42220,null
860Z200US92239,ZCTA5 92239,292,null
860Z200US92240,ZCTA5 92240,40920,null
860Z200US92241,ZCTA5 92241,9270,null
860Z200US92242,ZCTA5 92242,1231,null
860Z200US92243,ZCTA5 92243,49149,null
860Z200US92249,ZCTA5 92249,6975,null
860Z200US92250,ZCTA5 92250,7883,null
860Z200US92251,ZCTA5 92251,25851,null
860Z200US92252,ZCTA5 92252,8463,null
860Z200US92253,ZCTA5 92253,37422,null
860Z200US92254,ZCTA5 92254,12414,null
860Z200US92256,ZCTA5 92256,3517,null
860Z200US92257,ZCTA5 92257,1676,null
860Z200US92258,ZCTA5 92258,1236,null
860Z200US92259,ZCTA5 92259,328,null
860Z200US92260,ZCTA5 92260,31641,null
860Z200US92262,ZCTA5 92262,26593,null
860Z200US92264,ZCTA5 92264,19254,null
860Z200US92266,ZCTA5 92266,198,null
860Z200US92267,ZCTA5 92267,86,null
860Z200US92268,ZCTA5 92268,489,null
860Z200US92270,ZCTA5 92270,16999,null
860Z200US92273,ZCTA5 92273,1694,null
860Z200US92274,ZCTA5 92274,19251,null
860Z200US92275,ZCTA5 92275,1390,null
860Z200US92276,ZCTA5 92276,7953,null
860Z200US92277,ZCTA5 92277,23988,null
860Z200US92278,ZCTA5 92278,6371,null
860Z200US92280,ZCTA5 92280,26,null
860Z200US92281,ZCTA5 92281,2122,null
860Z200US92282,ZCTA5 92282,1350,null
860Z200US92283,ZCTA5 92283,2695,null
860Z200US92284,ZCTA5 92284,25931,null
860Z200US92285,ZCTA5 92285,2769,null
860Z200US92301,ZCTA5 92301,38912,null
860Z200US92304,ZCTA5 92304,17,null
860Z200US92305,ZCTA5 92305,581,null
860Z200US92307,ZCTA5 92307,41649,null
860Z200US92308,ZCTA5 92308,42469,null
860Z200US92309,ZCTA5 92309,452,null
860Z200US92310,ZCTA5 92310,8102,null
860Z200US92311,ZCTA5 92311,34524,null
860Z200US92313,ZCTA5 92313,13150,null
860Z200US92314,ZCTA5 92314,10411,null
860Z200US92315,ZCTA5 92315,5148,null
860Z200US92316,ZCTA5 92316,31463,null
860Z200US92317,ZCTA5 92317,1089,null
860Z200US92320,ZCTA5 92320,10036,null
860Z200US92321,ZCTA5 92321,1310,null
860Z200US92322,ZCTA5 92322,1441,null
860Z200US92324,ZCTA5 92324,58626,null
860Z200US92325,ZCTA5 92325,9892,null
860Z200US92327,ZCTA5 92327,484,null
860Z200US92328,ZCTA5 92328,640,null
860Z200US92332,ZCTA5 92332,97,null
860Z200US92333,ZCTA5 92333,510,null
860Z200US92335,ZCTA5 92335,96605,null
860Z200US92336,ZCTA5 92336,100594,null
860Z200US92337,ZCTA5 92337,36394,null
860Z200US92338,ZCTA5 92338,0,null
860Z200US92339,ZCTA5 92339,1053,null
860Z200US92341,ZCTA5 92341,458,null
860Z200US92342,ZCTA5 92342,6955,null
860Z200US92344,ZCTA5 92344,23166,null
860Z200US92345,ZCTA5 92345,86499,null
860Z200US92346,ZCTA5 92346,57812,null
860Z200US92347,ZCTA5 92347,888,null
860Z200US92350,ZCTA5 92350,258,null
860Z200US92352,ZCTA5 92352,7038,null
860Z200US92354,ZCTA5 92354,22626,null
860Z200US92356,ZCTA5 92356,6050,null
860Z200US92358,ZCTA5 92358,834,null
860Z200US92359,ZCTA5 92359,8900,null
860Z200US92363,ZCTA5 92363,5634,null
860Z200US92364,ZCTA5 92364,40,null
860Z200US92365,ZCTA5 92365,2214,null
860Z200US92368,ZCTA5 92368,858,null
860Z200US92369,ZCTA5 92369,1481,null
860Z200US92371,ZCTA5 92371,16345,null
860Z200US92372,ZCTA5 92372,5594,null
860Z200US92373,ZCTA5 92373,35348,null
860Z200US92374,ZCTA5 92374,43587,null
860Z200US92376,ZCTA5 92376,84548,null
860Z200US92377,ZCTA5 92377,20734,null
860Z200US92378,ZCTA5 92378,677,null
860Z200US92382,ZCTA5 92382,5721,null
860Z200US92384,ZCTA5 92384,24,null
860Z200US92385,ZCTA5 92385,221,null
860Z200US92386,ZCTA5 92386,2477,null
860Z200US92389,ZCTA5 92389,123,null
860Z200US92391,ZCTA5 92391,2239,null
860Z200US92392,ZCTA5 92392,62294,null
860Z200US92394,ZCTA5 92394,41057,null
860Z200US92395,ZCTA5 92395,47556,null
860Z200US92397,ZCTA5 92397,5485,null
860Z200US92398,ZCTA5 92398,1234,null
860Z200US92399,ZCTA5 92399,55794,null
860Z200US92401,ZCTA5 92401,2016,null
860Z200US92404,ZCTA5 92404,64270,null
860Z200US92405,ZCTA5 92405,32165,null
860Z200US92407,ZCTA5 92407,67814,null
860Z200US92408,ZCTA5 92408,13488,null
860Z200US92410,ZCTA5 92410,51651,null
860Z200US92411,ZCTA5 92411,27014,null
860Z200US92415,ZCTA5 92415,2,null
860Z200US92501,ZCTA5 92501,22017,null
860Z200US92503,ZCTA5 92503,90011,null
860Z200US92504,ZCTA5 92504,54642,null
860Z200US92505,ZCTA5 92505,50919,null
860Z200US92506,ZCTA5 92506,45185,null
860Z200US92507,ZCTA5 92507,63191,null
860Z200US92508,ZCTA5 92508,35415,null
860Z200US92509,ZCTA5 92509,78166,null
860Z200US92518,ZCTA5 92518,806,null
860Z200US92521,ZCTA5 92521,40,null
860Z200US92530,ZCTA5 92530,59098,null
860Z200US92532,ZCTA5 92532,27560,null
860Z200US92536,ZCTA5 92536,3737,null
860Z200US92539,ZCTA5 92539,4966,null
860Z200US92543,ZCTA5 92543,39323,null
860Z200US92544,ZCTA5 92544,50007,null
860Z200US92545,ZCTA5 92545,44072,null
860Z200US92548,ZCTA5 92548,7408,null
860Z200US92549,ZCTA5 92549,4234,null
860Z200US92551,ZCTA5 92551,34294,null
860Z200US92553,ZCTA5 92553,76761,null
860Z200US92555,ZCTA5 92555,43580,null
860Z200US92557,ZCTA5 92557,54549,null
860Z200US92561,ZCTA5 92561,1648,null
860Z200US92562,ZCTA5 92562,64270,null
860Z200US92563,ZCTA5 92563,73224,null
860Z200US92567,ZCTA5 92567,9729,null
860Z200US92570,ZCTA5 92570,59015,null
860Z200US92571,ZCTA5 92571,59450,null
860Z200US92582,ZCTA5 92582,21161,null
860Z200US92583,ZCTA5 92583,34674,null
860Z200US92584,ZCTA5 92584,55517,null
860Z200US92585,ZCTA5 92585,24887,null
860Z200US92586,ZCTA5 92586,22188,null
860Z200US92587,ZCTA5 92587,17529,null
860Z200US92590,ZCTA5 92590,4840,null
860Z200US92591,ZCTA5 92591,42021,null
860Z200US92592,ZCTA5 92592,79740,null
860Z200US92595,ZCTA5 92595,34405,null
860Z200US92596,ZCTA5 92596,31081,null
860Z200US92602,ZCTA5 92602,29581,null
860Z200US92603,ZCTA5 92603,20137,null
860Z200US92604,ZCTA5 92604,27151,null
860Z200US92606,ZCTA5 92606,23383,null
860Z200US92610,ZCTA5 92610,12545,null
860Z200US92612,ZCTA5 92612,31822,null
860Z200US92614,ZCTA5 92614,28456,null
860Z200US92617,ZCTA5 92617,25232,null
860Z200US92618,ZCTA5 92618,57488,null
860Z200US92620,ZCTA5 92620,64424,null
860Z200US92624,ZCTA5 92624,7170,null
860Z200US92625,ZCTA5 92625,12017,null
860Z200US92626,ZCTA5 92626,50885,null
860Z200US92627,ZCTA5 92627,61764,null
860Z200US92629,ZCTA5 92629,25939,null
860Z200US92630,ZCTA5 92630,66359,null
860Z200US92637,ZCTA5 92637,17644,null
860Z200US92646,ZCTA5 92646,56788,null
860Z200US92647,ZCTA5 92647,60455,null
860Z200US92648,ZCTA5 92648,46691,null
860Z200US92649,ZCTA5 92649,34082,null
860Z200US92651,ZCTA5 92651,24096,null
860Z200US92653,ZCTA5 92653,30077,null
860Z200US92655,ZCTA5 92655,8878,null
860Z200US92656,ZCTA5 92656,53473,null
860Z200US92657,ZCTA5 92657,10294,null
860Z200US92660,ZCTA5 92660,36259,null
860Z200US92661,ZCTA5 92661,3457,null
860Z200US92662,ZCTA5 92662,2490,null
860Z200US92663,ZCTA5 92663,20812,null
860Z200US92672,ZCTA5 92672,41067,null
860Z200US92673,ZCTA5 92673,29642,null
860Z200US92675,ZCTA5 92675,35203,null
860Z200US92676,ZCTA5 92676,1997,null
860Z200US92677,ZCTA5 92677,64355,null
860Z200US92678,ZCTA5 92678,651,null
860Z200US92679,ZCTA5 92679,31016,null
860Z200US92683,ZCTA5 92683,90946,null
860Z200US92688,ZCTA5 92688,44688,null
860Z200US92691,ZCTA5 92691,47918,null
860Z200US92692,ZCTA5 92692,46434,null
860Z200US92694,ZCTA5 92694,36637,null
860Z200US92697,ZCTA5 92697,0,null
860Z200US92701,ZCTA5 92701,48789,null
860Z200US92703,ZCTA5 92703,65621,null
860Z200US92704,ZCTA5 92704,82841,null
860Z200US92705,ZCTA5 92705,45902,null
860Z200US92706,ZCTA5 92706,35621,null
860Z200US92707,ZCTA5 92707,56456,null
860Z200US92708,ZCTA5 92708,57192,null
860Z200US92780,ZCTA5 92780,56034,null
860Z200US92782,ZCTA5 92782,29266,null
860Z200US92801,ZCTA5 92801,63163,null
860Z200US92802,ZCTA5 92802,41914,null
860Z200US92804,ZCTA5 92804,86127,null
860Z200US92805,ZCTA5 92805,74633,null
860Z200US92806,ZCTA5 92806,40649,null
860Z200US92807,ZCTA5 92807,37627,null
860Z200US92808,ZCTA5 92808,20056,null
860Z200US92821,ZCTA5 92821,41335,null
860Z200US92823,ZCTA5 92823,6010,null
860Z200US92831,ZCTA5 92831,38953,null
860Z200US92832,ZCTA5 92832,26277,null
860Z200US92833,ZCTA5 92833,52598,null
860Z200US92835,ZCTA5 92835,25450,null
860Z200US92840,ZCTA5 92840,54365,null
860Z200US92841,ZCTA5 92841,34376,null
860Z200US92843,ZCTA5 92843,45480,null
860Z200US92844,ZCTA5 92844,23668,null
860Z200US92845,ZCTA5 92845,16520,null
860Z200US92860,ZCTA5 92860,26376,null
860Z200US92861,ZCTA5 92861,5843,null
860Z200US92865,ZCTA5 92865,20859,null
860Z200US92866,ZCTA5 92866,15935,null
860Z200US92867,ZCTA5 92867,44927,null
860Z200US92868,ZCTA5 92868,27127,null
860Z200US92869,ZCTA5 92869,36349,null
860Z200US92870,ZCTA5 92870,52749,null
860Z200US92879,ZCTA5 92879,47243,null
860Z200US92880,ZCTA5 92880,75365,null
860Z200US92881,ZCTA5 92881,31590,null
860Z200US92882,ZCTA5 92882,67894,null
860Z200US92883,ZCTA5 92883,34836,null
860Z200US92886,ZCTA5 92886,50001,null
860Z200US92887,ZCTA5 92887,20770,null
860Z200US93001,ZCTA5 93001,33859,null
860Z200US93003,ZCTA5 93003,50558,null
860Z200US93004,ZCTA5 93004,31942,null
860Z200US93010,ZCTA5 93010,46223,null
860Z200US93012,ZCTA5 93012,37550,null
860Z200US93013,ZCTA5 93013,16299,null
860Z200US93015,ZCTA5 93015,18789,null
860Z200US93021,ZCTA5 93021,38103,null
860Z200US93022,ZCTA5 93022,6172,null
860Z200US93023,ZCTA5 93023,20937,null
860Z200US93030,ZCTA5 93030,59011,null
860Z200US93033,ZCTA5 93033,79539,null
860Z200US93035,ZCTA5 93035,28070,null
860Z200US93036,ZCTA5 93036,48656,null
860Z200US93040,ZCTA5 93040,1927,null
860Z200US93041,ZCTA5 93041,22918,null
860Z200US93042,ZCTA5 93042,17,null
860Z200US93043,ZCTA5 93043,523,null
860Z200US93060,ZCTA5 93060,33859,null
860Z200US93063,ZCTA5 93063,55076,null
860Z200US93064,ZCTA5 93064,57,null
860Z200US93065,ZCTA5 93065,73943,null
860Z200US93066,ZCTA5 93066,3141,null
860Z200US93067,ZCTA5 93067,734,null
860Z200US93101,ZCTA5 93101,30513,null
860Z200US93103,ZCTA5 93103,20029,null
860Z200US93105,ZCTA5 93105,26003,null
860Z200US93106,ZCTA5 93106,5203,null
860Z200US93108,ZCTA5 93108,11243,null
860Z200US93109,ZCTA5 93109,11041,null
860Z200US93110,ZCTA5 93110,16317,null
860Z200US93111,ZCTA5 93111,18468,null
860Z200US93117,ZCTA5 93117,53430,null
860Z200US93201,ZCTA5 93201,1260,null
860Z200US93202,ZCTA5 93202,4154,null
860Z200US93203,ZCTA5 93203,20777,null
860Z200US93204,ZCTA5 93204,13720,null
860Z200US93205,ZCTA5 93205,2081,null
860Z200US93206,ZCTA5 93206,1940,null
860Z200US93207,ZCTA5 93207,311,null
860Z200US93208,ZCTA5 93208,135,null
860Z200US93210,ZCTA5 93210,18581,null
860Z200US93212,ZCTA5 93212,23138,null
860Z200US93215,ZCTA5 93215,53626,null
860Z200US93218,ZCTA5 93218,979,null
860Z200US93219,ZCTA5 93219,9324,null
860Z200US93220,ZCTA5 93220,214,null
860Z200US93221,ZCTA5 93221,15024,null
860Z200US93222,ZCTA5 93222,2192,null
860Z200US93223,ZCTA5 93223,10487,null
860Z200US93224,ZCTA5 93224,388,null
860Z200US93225,ZCTA5 93225,4775,null
860Z200US93226,ZCTA5 93226,297,null
860Z200US93227,ZCTA5 93227,137,null
860Z200US93230,ZCTA5 93230,68412,null
860Z200US93234,ZCTA5 93234,6745,null
860Z200US93235,ZCTA5 93235,4651,null
860Z200US93237,ZCTA5 93237,169,null
860Z200US93238,ZCTA5 93238,1603,null
860Z200US93239,ZCTA5 93239,1376,null
860Z200US93240,ZCTA5 93240,5691,null
860Z200US93241,ZCTA5 93241,15707,null
860Z200US93242,ZCTA5 93242,3073,null
860Z200US93243,ZCTA5 93243,1386,null
860Z200US93244,ZCTA5 93244,229,null
860Z200US93245,ZCTA5 93245,38045,null
860Z200US93246,ZCTA5 93246,941,null
860Z200US93247,ZCTA5 93247,18210,null
860Z200US93249,ZCTA5 93249,2590,null
860Z200US93250,ZCTA5 93250,14892,null
860Z200US93251,ZCTA5 93251,250,null
860Z200US93252,ZCTA5 93252,1499,null
860Z200US93254,ZCTA5 93254,780,null
860Z200US93255,ZCTA5 93255,630,null
860Z200US93256,ZCTA5 93256,5754,null
860Z200US93257,ZCTA5 93257,79569,null
860Z200US93258,ZCTA5 93258,1921,null
860Z200US93260,ZCTA5 93260,221,null
860Z200US93261,ZCTA5 93261,2513,null
860Z200US93262,ZCTA5 93262,20,null
860Z200US93263,ZCTA5 93263,22341,null
860Z200US93265,ZCTA5 93265,4117,null
860Z200US93266,ZCTA5 93266,1521,null
860Z200US93267,ZCTA5 93267,6119,null
860Z200US93268,ZCTA5 93268,18502,null
860Z200US93270,ZCTA5 93270,5637,null
860Z200US93271,ZCTA5 93271,1930,null
860Z200US93272,ZCTA5 93272,3468,null
860Z200US93274,ZCTA5 93274,78493,null
860Z200US93276,ZCTA5 93276,177,null
860Z200US93277,ZCTA5 93277,53196,null
860Z200US93280,ZCTA5 93280,28182,null
860Z200US93283,ZCTA5 93283,1880,null
860Z200US93285,ZCTA5 93285,2457,null
860Z200US93286,ZCTA5 93286,9735,null
860Z200US93287,ZCTA5 93287,221,null
860Z200US93291,ZCTA5 93291,63366,null
860Z200US93292,ZCTA5 93292,43316,null
860Z200US93301,ZCTA5 93301,14518,null
860Z200US93304,ZCTA5 93304,50837,null
860Z200US93305,ZCTA5 93305,38392,null
860Z200US93306,ZCTA5 93306,74623,null
860Z200US93307,ZCTA5 93307,88338,null
860Z200US93308,ZCTA5 93308,56037,null
860Z200US93309,ZCTA5 93309,61079,null
860Z200US93311,ZCTA5 93311,52466,null
860Z200US93312,ZCTA5 93312,58714,null
860Z200US93313,ZCTA5 93313,58322,null
860Z200US93314,ZCTA5 93314,33619,null
860Z200US93401,ZCTA5 93401,29877,null
860Z200US93402,ZCTA5 93402,14500,null
860Z200US93405,ZCTA5 93405,23331,null
860Z200US93407,ZCTA5 93407,462,null
860Z200US93408,ZCTA5 93408,0,null
860Z200US93409,ZCTA5 93409,3806,null
860Z200US93410,ZCTA5 93410,7929,null
860Z200US93420,ZCTA5 93420,30540,null
860Z200US93422,ZCTA5 93422,33041,null
860Z200US93424,ZCTA5 93424,1256,null
860Z200US93426,ZCTA5 93426,1260,null
860Z200US93427,ZCTA5 93427,5864,null
860Z200US93428,ZCTA5 93428,5951,null
860Z200US93429,ZCTA5 93429,153,null
860Z200US93430,ZCTA5 93430,2849,null
860Z200US93432,ZCTA5 93432,1174,null
860Z200US93433,ZCTA5 93433,12643,null
860Z200US93434,ZCTA5 93434,8120,null
860Z200US93436,ZCTA5 93436,56730,null
860Z200US93437,ZCTA5 93437,3560,null
860Z200US93440,ZCTA5 93440,2048,null
860Z200US93441,ZCTA5 93441,1295,null
860Z200US93442,ZCTA5 93442,11390,null
860Z200US93444,ZCTA5 93444,22293,null
860Z200US93445,ZCTA5 93445,7040,null
860Z200US93446,ZCTA5 93446,45979,null
860Z200US93449,ZCTA5 93449,8096,null
860Z200US93450,ZCTA5 93450,541,null
860Z200US93451,ZCTA5 93451,4820,null
860Z200US93452,ZCTA5 93452,522,null
860Z200US93453,ZCTA5 93453,3045,null
860Z200US93454,ZCTA5 93454,40994,null
860Z200US93455,ZCTA5 93455,45282,null
860Z200US93458,ZCTA5 93458,59927,null
860Z200US93460,ZCTA5 93460,5728,null
860Z200US93461,ZCTA5 93461,1503,null
860Z200US93463,ZCTA5 93463,8731,null
860Z200US93465,ZCTA5 93465,10121,null
860Z200US93501,ZCTA5 93501,5772,null
860Z200US93505,ZCTA5 93505,14880,null
860Z200US93510,ZCTA5 93510,7591,null
860Z200US93512,ZCTA5 93512,243,null
860Z200US93513,ZCTA5 93513,1870,null
860Z200US93514,ZCTA5 93514,14361,null
860Z200US93516,ZCTA5 93516,2114,null
860Z200US93517,ZCTA5 93517,768,null
860Z200US93518,ZCTA5 93518,1138,null
860Z200US93519,ZCTA5 93519,64,null
860Z200US93522,ZCTA5 93522,37,null
860Z200US93523,ZCTA5 93523,3293,null
860Z200US93524,ZCTA5 93524,80,null
860Z200US93526,ZCTA5 93526,628,null
860Z200US93527,ZCTA5 93527,2315,null
860Z200US93528,ZCTA5 93528,113,null
860Z200US93529,ZCTA5 93529,619,null
860Z200US93530,ZCTA5 93530,71,null
860Z200US93531,ZCTA5 93531,531,null
860Z200US93532,ZCTA5 93532,2373,null
860Z200US93534,ZCTA5 93534,43906,null
860Z200US93535,ZCTA5 93535,82149,null
860Z200US93536,ZCTA5 93536,74283,null
860Z200US93541,ZCTA5 93541,488,null
860Z200US93543,ZCTA5 93543,14132,null
860Z200US93544,ZCTA5 93544,1126,null
860Z200US93545,ZCTA5 93545,2072,null
860Z200US93546,ZCTA5 93546,8545,null
860Z200US93549,ZCTA5 93549,235,null
860Z200US93550,ZCTA5 93550,82379,null
860Z200US93551,ZCTA5 93551,56001,null
860Z200US93552,ZCTA5 93552,42468,null
860Z200US93553,ZCTA5 93553,1921,null
860Z200US93554,ZCTA5 93554,45,null
860Z200US93555,ZCTA5 93555,32810,null
860Z200US93558,ZCTA5 93558,51,null
860Z200US93560,ZCTA5 93560,21581,null
860Z200US93561,ZCTA5 93561,31091,null
860Z200US93562,ZCTA5 93562,1633,null
860Z200US93563,ZCTA5 93563,143,null
860Z200US93581,ZCTA5 93581,3660,null
860Z200US93591,ZCTA5 93591,7450,null
860Z200US93601,ZCTA5 93601,1858,null
860Z200US93602,ZCTA5 93602,3402,null
860Z200US93603,ZCTA5 93603,280,null
860Z200US93604,ZCTA5 93604,627,null
860Z200US93605,ZCTA5 93605,144,null
860Z200US93606,ZCTA5 93606,1352,null
860Z200US93608,ZCTA5 93608,1173,null
860Z200US93609,ZCTA5 93609,5694,null
860Z200US93610,ZCTA5 93610,23859,null
860Z200US93611,ZCTA5 93611,47041,null
860Z200US93612,ZCTA5 93612,37368,null
860Z200US93614,ZCTA5 93614,11574,null
860Z200US93615,ZCTA5 93615,5373,null
860Z200US93616,ZCTA5 93616,2225,null
860Z200US93618,ZCTA5 93618,30709,null
860Z200US93619,ZCTA5 93619,50032,null
860Z200US93620,ZCTA5 93620,10311,null
860Z200US93621,ZCTA5 93621,520,null
860Z200US93622,ZCTA5 93622,9884,null
860Z200US93623,ZCTA5 93623,75,null
860Z200US93624,ZCTA5 93624,806,null
860Z200US93625,ZCTA5 93625,8194,null
860Z200US93626,ZCTA5 93626,2132,null
860Z200US93627,ZCTA5 93627,188,null
860Z200US93628,ZCTA5 93628,329,null
860Z200US93630,ZCTA5 93630,21103,null
860Z200US93631,ZCTA5 93631,16843,null
860Z200US93633,ZCTA5 93633,37,null
860Z200US93634,ZCTA5 93634,55,null
860Z200US93635,ZCTA5 93635,48510,null
860Z200US93636,ZCTA5 93636,14004,null
860Z200US93637,ZCTA5 93637,40202,null
860Z200US93638,ZCTA5 93638,51106,null
860Z200US93640,ZCTA5 93640,13865,null
860Z200US93641,ZCTA5 93641,587,null
860Z200US93643,ZCTA5 93643,3130,null
860Z200US93644,ZCTA5 93644,7751,null
860Z200US93645,ZCTA5 93645,297,null
860Z200US93646,ZCTA5 93646,10492,null
860Z200US93647,ZCTA5 93647,11143,null
860Z200US93648,ZCTA5 93648,15393,null
860Z200US93650,ZCTA5 93650,3744,null
860Z200US93651,ZCTA5 93651,1445,null
860Z200US93652,ZCTA5 93652,410,null
860Z200US93653,ZCTA5 93653,1050,null
860Z200US93654,ZCTA5 93654,30620,null
860Z200US93656,ZCTA5 93656,6459,null
860Z200US93657,ZCTA5 93657,37464,null
860Z200US93660,ZCTA5 93660,4173,null
860Z200US93662,ZCTA5 93662,30774,null
860Z200US93664,ZCTA5 93664,614,null
860Z200US93665,ZCTA5 93665,537,null
860Z200US93666,ZCTA5 93666,668,null
860Z200US93667,ZCTA5 93667,2294,null
860Z200US93668,ZCTA5 93668,1054,null
860Z200US93669,ZCTA5 93669,316,null
860Z200US93670,ZCTA5 93670,80,null
860Z200US93673,ZCTA5 93673,667,null
860Z200US93675,ZCTA5 93675,3820,null
860Z200US93701,ZCTA5 93701,12037,null
860Z200US93702,ZCTA5 93702,45741,null
860Z200US93703,ZCTA5 93703,34840,null
860Z200US93704,ZCTA5 93704,28573,null
860Z200US93705,ZCTA5 93705,38125,null
860Z200US93706,ZCTA5 93706,40965,null
860Z200US93710,ZCTA5 93710,30552,null
860Z200US93711,ZCTA5 93711,37901,null
860Z200US93720,ZCTA5 93720,47814,null
860Z200US93721,ZCTA5 93721,7899,null
860Z200US93722,ZCTA5 93722,87364,null
860Z200US93723,ZCTA5 93723,12037,null
860Z200US93725,ZCTA5 93725,26162,null
860Z200US93726,ZCTA5 93726,42366,null
860Z200US93727,ZCTA5 93727,83212,null
860Z200US93728,ZCTA5 93728,16191,null
860Z200US93730,ZCTA5 93730,13687,null
860Z200US93737,ZCTA5 93737,6596,null
860Z200US93740,ZCTA5 93740,1213,null
860Z200US93741,ZCTA5 93741,84,null
860Z200US93901,ZCTA5 93901,29700,null
860Z200US93905,ZCTA5 93905,64209,null
860Z200US93906,ZCTA5 93906,66381,null
860Z200US93907,ZCTA5 93907,23315,null
860Z200US93908,ZCTA5 93908,13188,null
860Z200US93920,ZCTA5 93920,1140,null
860Z200US93921,ZCTA5 93921,2956,null
860Z200US93923,ZCTA5 93923,12338,null
860Z200US93924,ZCTA5 93924,6609,null
860Z200US93925,ZCTA5 93925,1515,null
860Z200US93926,ZCTA5 93926,9187,null
860Z200US93927,ZCTA5 93927,19976,null
860Z200US93928,ZCTA5 93928,259,null
860Z200US93930,ZCTA5 93930,16206,null
860Z200US93932,ZCTA5 93932,533,null
860Z200US93933,ZCTA5 93933,27218,null
860Z200US93940,ZCTA5 93940,30454,null
860Z200US93943,ZCTA5 93943,55,null
860Z200US93944,ZCTA5 93944,3395,null
860Z200US93950,ZCTA5 93950,15082,null
860Z200US93953,ZCTA5 93953,4271,null
860Z200US93954,ZCTA5 93954,371,null
860Z200US93955,ZCTA5 93955,32703,null
860Z200US93960,ZCTA5 93960,26093,null
860Z200US93962,ZCTA5 93962,692,null
860Z200US94002,ZCTA5 94002,28513,null
860Z200US94005,ZCTA5 94005,4836,null
860Z200US94010,ZCTA5 94010,44045,null
860Z200US94014,ZCTA5 94014,48677,null
860Z200US94015,ZCTA5 94015,63489,null
860Z200US94018,ZCTA5 94018,3513,null
860Z200US94019,ZCTA5 94019,15483,null
860Z200US94020,ZCTA5 94020,1732,null
860Z200US94021,ZCTA5 94021,171,null
860Z200US94022,ZCTA5 94022,20842,null
860Z200US94024,ZCTA5 94024,23263,null
860Z200US94025,ZCTA5 94025,42354,null
860Z200US94027,ZCTA5 94027,7270,null
860Z200US94028,ZCTA5 94028,6904,null
860Z200US94030,ZCTA5 94030,23212,null
860Z200US94037,ZCTA5 94037,2811,null
860Z200US94038,ZCTA5 94038,3176,null
860Z200US94040,ZCTA5 94040,36501,null
860Z200US94041,ZCTA5 94041,15604,null
860Z200US94043,ZCTA5 94043,31414,null
860Z200US94044,ZCTA5 94044,38675,null
860Z200US94060,ZCTA5 94060,1513,null
860Z200US94061,ZCTA5 94061,36704,null
860Z200US94062,ZCTA5 94062,26689,null
860Z200US94063,ZCTA5 94063,35836,null
860Z200US94065,ZCTA5 94065,12781,null
860Z200US94066,ZCTA5 94066,44147,null
860Z200US94070,ZCTA5 94070,31585,null
860Z200US94074,ZCTA5 94074,282,null
860Z200US94080,ZCTA5 94080,66592,null
860Z200US94085,ZCTA5 94085,24031,null
860Z200US94086,ZCTA5 94086,50175,null
860Z200US94087,ZCTA5 94087,58344,null
860Z200US94089,ZCTA5 94089,23255,null
860Z200US94102,ZCTA5 94102,39432,null
860Z200US94103,ZCTA5 94103,37843,null
860Z200US94104,ZCTA5 94104,576,null
860Z200US94105,ZCTA5 94105,14841,null
860Z200US94107,ZCTA5 94107,34012,null
860Z200US94108,ZCTA5 94108,13097,null
860Z200US94109,ZCTA5 94109,58501,null
860Z200US94110,ZCTA5 94110,68336,null
860Z200US94111,ZCTA5 94111,4306,null
860Z200US94112,ZCTA5 94112,79314,null
860Z200US94114,ZCTA5 94114,33683,null
860Z200US94115,ZCTA5 94115,35853,null
860Z200US94116,ZCTA5 94116,44092,null
860Z200US94117,ZCTA5 94117,38451,null
860Z200US94118,ZCTA5 94118,42356,null
860Z200US94121,ZCTA5 94121,43115,null
860Z200US94122,ZCTA5 94122,57160,null
860Z200US94123,ZCTA5 94123,26131,null
860Z200US94124,ZCTA5 94124,39445,null
860Z200US94127,ZCTA5 94127,20686,null
860Z200US94128,ZCTA5 94128,2,null
860Z200US94129,ZCTA5 94129,3647,null
860Z200US94130,ZCTA5 94130,2747,null
860Z200US94131,ZCTA5 94131,28810,null
860Z200US94132,ZCTA5 94132,27723,null
860Z200US94133,ZCTA5 94133,26751,null
860Z200US94134,ZCTA5 94134,41695,null
860Z200US94158,ZCTA5 94158,11327,null
860Z200US94188,ZCTA5 94188,3,null
860Z200US94301,ZCTA5 94301,17299,null
860Z200US94303,ZCTA5 94303,48281,null
860Z200US94304,ZCTA5 94304,4569,null
860Z200US94305,ZCTA5 94305,20961,null
860Z200US94306,ZCTA5 94306,28659,null
860Z200US94401,ZCTA5 94401,35249,null
860Z200US94402,ZCTA5 94402,25879,null
860Z200US94403,ZCTA5 94403,45057,null
860Z200US94404,ZCTA5 94404,37323,null
860Z200US94501,ZCTA5 94501,64116,null
860Z200US94502,ZCTA5 94502,14164,null
860Z200US94503,ZCTA5 94503,22069,null
860Z200US94505,ZCTA5 94505,15445,null
860Z200US94506,ZCTA5 94506,25361,null
860Z200US94507,ZCTA5 94507,15495,null
860Z200US94508,ZCTA5 94508,3233,null
860Z200US94509,ZCTA5 94509,69931,null
860Z200US94510,ZCTA5 94510,27174,null
860Z200US94511,ZCTA5 94511,2131,null
860Z200US94512,ZCTA5 94512,86,null
860Z200US94513,ZCTA5 94513,67394,null
860Z200US94514,ZCTA5 94514,1248,null
860Z200US94515,ZCTA5 94515,6834,null
860Z200US94516,ZCTA5 94516,212,null
860Z200US94517,ZCTA5 94517,12525,null
860Z200US94518,ZCTA5 94518,27209,null
860Z200US94519,ZCTA5 94519,18677,null
860Z200US94520,ZCTA5 94520,38383,null
860Z200US94521,ZCTA5 94521,42885,null
860Z200US94523,ZCTA5 94523,35272,null
860Z200US94525,ZCTA5 94525,3288,null
860Z200US94526,ZCTA5 94526,33064,null
860Z200US94528,ZCTA5 94528,1054,null
860Z200US94530,ZCTA5 94530,26360,null
860Z200US94531,ZCTA5 94531,45342,null
860Z200US94533,ZCTA5 94533,77380,null
860Z200US94534,ZCTA5 94534,42296,null
860Z200US94535,ZCTA5 94535,4259,null
860Z200US94536,ZCTA5 94536,73172,null
860Z200US94538,ZCTA5 94538,66424,null
860Z200US94539,ZCTA5 94539,54026,null
860Z200US94541,ZCTA5 94541,69736,null
860Z200US94542,ZCTA5 94542,15691,null
860Z200US94544,ZCTA5 94544,79769,null
860Z200US94545,ZCTA5 94545,33786,null
860Z200US94546,ZCTA5 94546,46687,null
860Z200US94547,ZCTA5 94547,26016,null
860Z200US94548,ZCTA5 94548,420,null
860Z200US94549,ZCTA5 94549,28637,null
860Z200US94550,ZCTA5 94550,49959,null
860Z200US94551,ZCTA5 94551,40358,null
860Z200US94552,ZCTA5 94552,14721,null
860Z200US94553,ZCTA5 94553,49756,null
860Z200US94555,ZCTA5 94555,36887,null
860Z200US94556,ZCTA5 94556,16134,null
860Z200US94558,ZCTA5 94558,65473,null
860Z200US94559,ZCTA5 94559,28137,null
860Z200US94560,ZCTA5 94560,47533,null
860Z200US94561,ZCTA5 94561,44545,null
860Z200US94562,ZCTA5 94562,1,null
860Z200US94563,ZCTA5 94563,19496,null
860Z200US94564,ZCTA5 94564,19024,null
860Z200US94565,ZCTA5 94565,100341,null
860Z200US94566,ZCTA5 94566,45055,null
860Z200US94567,ZCTA5 94567,633,null
860Z200US94568,ZCTA5 94568,72590,null
860Z200US94569,ZCTA5 94569,210,null
860Z200US94571,ZCTA5 94571,10439,null
860Z200US94572,ZCTA5 94572,9622,null
860Z200US94573,ZCTA5 94573,96,null
860Z200US94574,ZCTA5 94574,8317,null
860Z200US94575,ZCTA5 94575,933,null
860Z200US94576,ZCTA5 94576,141,null
860Z200US94577,ZCTA5 94577,48868,null
860Z200US94578,ZCTA5 94578,40957,null
860Z200US94579,ZCTA5 94579,21869,null
860Z200US94580,ZCTA5 94580,29590,null
860Z200US94582,ZCTA5 94582,49311,null
860Z200US94583,ZCTA5 94583,38444,null
860Z200US94585,ZCTA5 94585,29764,null
860Z200US94586,ZCTA5 94586,943,null
860Z200US94587,ZCTA5 94587,70121,null
860Z200US94588,ZCTA5 94588,36398,null
860Z200US94589,ZCTA5 94589,32290,null
860Z200US94590,ZCTA5 94590,39981,null
860Z200US94591,ZCTA5 94591,56305,null
860Z200US94592,ZCTA5 94592,1082,null
860Z200US94595,ZCTA5 94595,17716,null
860Z200US94596,ZCTA5 94596,22861,null
860Z200US94597,ZCTA5 94597,23661,null
860Z200US94598,ZCTA5 94598,26826,null
860Z200US94599,ZCTA5 94599,3540,null
860Z200US94601,ZCTA5 94601,54166,null
860Z200US94602,ZCTA5 94602,29702,null
860Z200US94603,ZCTA5 94603,36681,null
860Z200US94605,ZCTA5 94605,44294,null
860Z200US94606,ZCTA5 94606,40768,null
860Z200US94607,ZCTA5 94607,31067,null
860Z200US94608,ZCTA5 94608,33073,null
860Z200US94609,ZCTA5 94609,23578,null
860Z200US94610,ZCTA5 94610,31261,null
860Z200US94611,ZCTA5 94611,40262,null
860Z200US94612,ZCTA5 94612,19773,null
860Z200US94613,ZCTA5 94613,346,null
860Z200US94618,ZCTA5 94618,16946,null
860Z200US94619,ZCTA5 94619,24867,null
860Z200US94621,ZCTA5 94621,35816,null
860Z200US94702,ZCTA5 94702,17637,null
860Z200US94703,ZCTA5 94703,20805,null
860Z200US94704,ZCTA5 94704,25259,null
860Z200US94705,ZCTA5 94705,13591,null
860Z200US94706,ZCTA5 94706,21134,null
860Z200US94707,ZCTA5 94707,12781,null
860Z200US94708,ZCTA5 94708,11553,null
860Z200US94709,ZCTA5 94709,12514,null
860Z200US94710,ZCTA5 94710,9552,null
860Z200US94720,ZCTA5 94720,7478,null
860Z200US94801,ZCTA5 94801,33486,null
860Z200US94803,ZCTA5 94803,26457,null
860Z200US94804,ZCTA5 94804,45108,null
860Z200US94805,ZCTA5 94805,14958,null
860Z200US94806,ZCTA5 94806,64589,null
860Z200US94901,ZCTA5 94901,43338,null
860Z200US94903,ZCTA5 94903,30514,null
860Z200US94904,ZCTA5 94904,12718,null
860Z200US94920,ZCTA5 94920,13010,null
860Z200US94922,ZCTA5 94922,176,null
860Z200US94923,ZCTA5 94923,1287,null
860Z200US94924,ZCTA5 94924,1507,null
860Z200US94925,ZCTA5 94925,10204,null
860Z200US94928,ZCTA5 94928,47062,null
860Z200US94929,ZCTA5 94929,227,null
860Z200US94930,ZCTA5 94930,8729,null
860Z200US94931,ZCTA5 94931,9119,null
860Z200US94933,ZCTA5 94933,1226,null
860Z200US94937,ZCTA5 94937,935,null
860Z200US94938,ZCTA5 94938,683,null
860Z200US94939,ZCTA5 94939,7465,null
860Z200US94940,ZCTA5 94940,319,null
860Z200US94941,ZCTA5 94941,31480,null
860Z200US94945,ZCTA5 94945,17876,null
860Z200US94946,ZCTA5 94946,624,null
860Z200US94947,ZCTA5 94947,24870,null
860Z200US94949,ZCTA5 94949,17588,null
860Z200US94950,ZCTA5 94950,60,null
860Z200US94951,ZCTA5 94951,4172,null
860Z200US94952,ZCTA5 94952,33619,null
860Z200US94954,ZCTA5 94954,38301,null
860Z200US94956,ZCTA5 94956,1684,null
860Z200US94957,ZCTA5 94957,1858,null
860Z200US94960,ZCTA5 94960,15920,null
860Z200US94963,ZCTA5 94963,506,null
860Z200US94964,ZCTA5 94964,4264,null
860Z200US94965,ZCTA5 94965,11447,null
860Z200US94970,ZCTA5 94970,620,null
860Z200US94971,ZCTA5 94971,372,null
860Z200US94972,ZCTA5 94972,146,null
860Z200US94973,ZCTA5 94973,1516,null
860Z200US95002,ZCTA5 95002,2039,null
860Z200US95003,ZCTA5 95003,24706,null
860Z200US95004,ZCTA5 95004,4348,null
860Z200US95005,ZCTA5 95005,6551,null
860Z200US95006,ZCTA5 95006,9454,null
860Z200US95007,ZCTA5 95007,883,null
860Z200US95008,ZCTA5 95008,49038,null
860Z200US95010,ZCTA5 95010,9080,null
860Z200US95012,ZCTA5 95012,11858,null
860Z200US95013,ZCTA5 95013,108,null
860Z200US95014,ZCTA5 95014,62585,null
860Z200US95017,ZCTA5 95017,969,null
860Z200US95018,ZCTA5 95018,8003,null
860Z200US95019,ZCTA5 95019,6603,null
860Z200US95020,ZCTA5 95020,68090,null
860Z200US95023,ZCTA5 95023,56973,null
860Z200US95030,ZCTA5 95030,13585,null
860Z200US95032,ZCTA5 95032,28109,null
860Z200US95033,ZCTA5 95033,9565,null
860Z200US95035,ZCTA5 95035,80440,null
860Z200US95037,ZCTA5 95037,53126,null
860Z200US95039,ZCTA5 95039,1617,null
860Z200US95041,ZCTA5 95041,602,null
860Z200US95043,ZCTA5 95043,709,null
860Z200US95045,ZCTA5 95045,4323,null
860Z200US95046,ZCTA5 95046,6361,null
860Z200US95050,ZCTA5 95050,39031,null
860Z200US95051,ZCTA5 95051,61466,null
860Z200US95053,ZCTA5 95053,2582,null
860Z200US95054,ZCTA5 95054,25024,null
860Z200US95060,ZCTA5 95060,47931,null
860Z200US95062,ZCTA5 95062,36268,null
860Z200US95064,ZCTA5 95064,8806,null
860Z200US95065,ZCTA5 95065,8444,null
860Z200US95066,ZCTA5 95066,15483,null
860Z200US95070,ZCTA5 95070,32419,null
860Z200US95073,ZCTA5 95073,10549,null
860Z200US95075,ZCTA5 95075,470,null
860Z200US95076,ZCTA5 95076,84433,null
860Z200US95110,ZCTA5 95110,20495,null
860Z200US95111,ZCTA5 95111,60593,null
860Z200US95112,ZCTA5 95112,60754,null
860Z200US95113,ZCTA5 95113,2658,null
860Z200US95116,ZCTA5 95116,51222,null
860Z200US95117,ZCTA5 95117,30137,null
860Z200US95118,ZCTA5 95118,32764,null
860Z200US95119,ZCTA5 95119,10050,null
860Z200US95120,ZCTA5 95120,38341,null
860Z200US95121,ZCTA5 95121,37609,null
860Z200US95122,ZCTA5 95122,54056,null
860Z200US95123,ZCTA5 95123,70040,null
860Z200US95124,ZCTA5 95124,50054,null
860Z200US95125,ZCTA5 95125,54000,null
860Z200US95126,ZCTA5 95126,37372,null
860Z200US95127,ZCTA5 95127,63749,null
860Z200US95128,ZCTA5 95128,34776,null
860Z200US95129,ZCTA5 95129,41819,null
860Z200US95130,ZCTA5 95130,13584,null
860Z200US95131,ZCTA5 95131,30975,null
860Z200US95132,ZCTA5 95132,40426,null
860Z200US95133,ZCTA5 95133,30080,null
860Z200US95134,ZCTA5 95134,29746,null
860Z200US95135,ZCTA5 95135,20734,null
860Z200US95136,ZCTA5 95136,45971,null
860Z200US95138,ZCTA5 95138,19530,null
860Z200US95139,ZCTA5 95139,6764,null
860Z200US95140,ZCTA5 95140,276,null
860Z200US95148,ZCTA5 95148,45819,null
860Z200US95202,ZCTA5 95202,6949,null
860Z200US95203,ZCTA5 95203,18064,null
860Z200US95204,ZCTA5 95204,30719,null
860Z200US95205,ZCTA5 95205,40720,null
860Z200US95206,ZCTA5 95206,69350,null
860Z200US95207,ZCTA5 95207,52465,null
860Z200US95209,ZCTA5 95209,44660,null
860Z200US95210,ZCTA5 95210,41378,null
860Z200US95211,ZCTA5 95211,1832,null
860Z200US95212,ZCTA5 95212,30111,null
860Z200US95215,ZCTA5 95215,27118,null
860Z200US95219,ZCTA5 95219,29392,null
860Z200US95220,ZCTA5 95220,7241,null
860Z200US95221,ZCTA5 95221,549,null
860Z200US95222,ZCTA5 95222,4888,null
860Z200US95223,ZCTA5 95223,4050,null
860Z200US95224,ZCTA5 95224,367,null
860Z200US95225,ZCTA5 95225,605,null
860Z200US95226,ZCTA5 95226,48,null
860Z200US95227,ZCTA5 95227,1009,null
860Z200US95228,ZCTA5 95228,4571,null
860Z200US95230,ZCTA5 95230,786,null
860Z200US95231,ZCTA5 95231,4808,null
860Z200US95232,ZCTA5 95232,170,null
860Z200US95233,ZCTA5 95233,363,null
860Z200US95236,ZCTA5 95236,4476,null
860Z200US95237,ZCTA5 95237,3259,null
860Z200US95240,ZCTA5 95240,49102,null
860Z200US95242,ZCTA5 95242,27341,null
860Z200US95245,ZCTA5 95245,2126,null
860Z200US95246,ZCTA5 95246,1307,null
860Z200US95247,ZCTA5 95247,3963,null
860Z200US95248,ZCTA5 95248,266,null
860Z200US95249,ZCTA5 95249,3983,null
860Z200US95251,ZCTA5 95251,753,null
860Z200US95252,ZCTA5 95252,14260,null
860Z200US95253,ZCTA5 95253,286,null
860Z200US95254,ZCTA5 95254,525,null
860Z200US95255,ZCTA5 95255,1956,null
860Z200US95257,ZCTA5 95257,454,null
860Z200US95258,ZCTA5 95258,4054,null
860Z200US95301,ZCTA5 95301,40886,null
860Z200US95303,ZCTA5 95303,722,null
860Z200US95304,ZCTA5 95304,16210,null
860Z200US95305,ZCTA5 95305,416,null
860Z200US95306,ZCTA5 95306,936,null
860Z200US95307,ZCTA5 95307,46346,null
860Z200US95309,ZCTA5 95309,9,null
860Z200US95310,ZCTA5 95310,1794,null
860Z200US95311,ZCTA5 95311,1997,null
860Z200US95312,ZCTA5 95312,251,null
860Z200US95313,ZCTA5 95313,1351,null
860Z200US95315,ZCTA5 95315,12875,null
860Z200US95316,ZCTA5 95316,7206,null
860Z200US95317,ZCTA5 95317,750,null
860Z200US95318,ZCTA5 95318,413,null
860Z200US95319,ZCTA5 95319,2130,null
860Z200US95320,ZCTA5 95320,13148,null
860Z200US95321,ZCTA5 95321,3745,null
860Z200US95322,ZCTA5 95322,10381,null
860Z200US95323,ZCTA5 95323,1266,null
860Z200US95324,ZCTA5 95324,7148,null
860Z200US95325,ZCTA5 95325,47,null
860Z200US95326,ZCTA5 95326,10429,null
860Z200US95327,ZCTA5 95327,8837,null
860Z200US95328,ZCTA5 95328,3925,null
860Z200US95329,ZCTA5 95329,2747,null
860Z200US95330,ZCTA5 95330,29065,null
860Z200US95333,ZCTA5 95333,2752,null
860Z200US95334,ZCTA5 95334,16594,null
860Z200US95335,ZCTA5 95335,412,null
860Z200US95336,ZCTA5 95336,47281,null
860Z200US95337,ZCTA5 95337,44476,null
860Z200US95338,ZCTA5 95338,11019,null
860Z200US95340,ZCTA5 95340,38606,null
860Z200US95341,ZCTA5 95341,33194,null
860Z200US95345,ZCTA5 95345,633,null
860Z200US95346,ZCTA5 95346,1106,null
860Z200US95348,ZCTA5 95348,35066,null
860Z200US95350,ZCTA5 95350,55344,null
860Z200US95351,ZCTA5 95351,48668,null
860Z200US95354,ZCTA5 95354,26765,null
860Z200US95355,ZCTA5 95355,62337,null
860Z200US95356,ZCTA5 95356,33070,null
860Z200US95357,ZCTA5 95357,12692,null
860Z200US95358,ZCTA5 95358,32131,null
860Z200US95360,ZCTA5 95360,13892,null
860Z200US95361,ZCTA5 95361,35019,null
860Z200US95363,ZCTA5 95363,29309,null
860Z200US95364,ZCTA5 95364,24,null
860Z200US95365,ZCTA5 95365,4502,null
860Z200US95366,ZCTA5 95366,18239,null
860Z200US95367,ZCTA5 95367,25421,null
860Z200US95368,ZCTA5 95368,13896,null
860Z200US95369,ZCTA5 95369,816,null
860Z200US95370,ZCTA5 95370,28090,null
860Z200US95372,ZCTA5 95372,1838,null
860Z200US95374,ZCTA5 95374,1856,null
860Z200US95375,ZCTA5 95375,113,null
860Z200US95376,ZCTA5 95376,53781,null
860Z200US95377,ZCTA5 95377,34590,null
860Z200US95379,ZCTA5 95379,3816,null
860Z200US95380,ZCTA5 95380,42912,null
860Z200US95382,ZCTA5 95382,38702,null
860Z200US95383,ZCTA5 95383,4157,null
860Z200US95385,ZCTA5 95385,515,null
860Z200US95386,ZCTA5 95386,10750,null
860Z200US95387,ZCTA5 95387,739,null
860Z200US95388,ZCTA5 95388,13878,null
860Z200US95389,ZCTA5 95389,594,null
860Z200US95391,ZCTA5 95391,24709,null
860Z200US95401,ZCTA5 95401,37272,null
860Z200US95403,ZCTA5 95403,44705,null
860Z200US95404,ZCTA5 95404,38034,null
860Z200US95405,ZCTA5 95405,22015,null
860Z200US95407,ZCTA5 95407,42504,null
860Z200US95409,ZCTA5 95409,27741,null
860Z200US95410,ZCTA5 95410,974,null
860Z200US95412,ZCTA5 95412,275,null
860Z200US95415,ZCTA5 95415,1496,null
860Z200US95417,ZCTA5 95417,168,null
860Z200US95419,ZCTA5 95419,192,null
860Z200US95420,ZCTA5 95420,396,null
860Z200US95421,ZCTA5 95421,1409,null
860Z200US95422,ZCTA5 95422,17017,null
860Z200US95423,ZCTA5 95423,4232,null
860Z200US95425,ZCTA5 95425,11252,null
860Z200US95426,ZCTA5 95426,1921,null
860Z200US95427,ZCTA5 95427,492,null
860Z200US95428,ZCTA5 95428,3017,null
860Z200US95429,ZCTA5 95429,106,null
860Z200US95430,ZCTA5 95430,45,null
860Z200US95431,ZCTA5 95431,0,null
860Z200US95432,ZCTA5 95432,443,null
860Z200US95435,ZCTA5 95435,53,null
860Z200US95436,ZCTA5 95436,5265,null
860Z200US95437,ZCTA5 95437,14608,null
860Z200US95439,ZCTA5 95439,747,null
860Z200US95441,ZCTA5 95441,1915,null
860Z200US95442,ZCTA5 95442,2955,null
860Z200US95443,ZCTA5 95443,134,null
860Z200US95444,ZCTA5 95444,710,null
860Z200US95445,ZCTA5 95445,2362,null
860Z200US95446,ZCTA5 95446,4690,null
860Z200US95448,ZCTA5 95448,16245,null
860Z200US95449,ZCTA5 95449,1422,null
860Z200US95450,ZCTA5 95450,372,null
860Z200US95451,ZCTA5 95451,11747,null
860Z200US95452,ZCTA5 95452,1141,null
860Z200US95453,ZCTA5 95453,11978,null
860Z200US95454,ZCTA5 95454,2796,null
860Z200US95456,ZCTA5 95456,798,null
860Z200US95457,ZCTA5 95457,3231,null
860Z200US95458,ZCTA5 95458,3394,null
860Z200US95459,ZCTA5 95459,581,null
860Z200US95460,ZCTA5 95460,2364,null
860Z200US95461,ZCTA5 95461,2689,null
860Z200US95462,ZCTA5 95462,1249,null
860Z200US95463,ZCTA5 95463,218,null
860Z200US95464,ZCTA5 95464,2725,null
860Z200US95465,ZCTA5 95465,1959,null
860Z200US95466,ZCTA5 95466,1219,null
860Z200US95467,ZCTA5 95467,6031,null
860Z200US95468,ZCTA5 95468,1398,null
860Z200US95469,ZCTA5 95469,1855,null
860Z200US95470,ZCTA5 95470,6041,null
860Z200US95471,ZCTA5 95471,677,null
860Z200US95472,ZCTA5 95472,28430,null
860Z200US95476,ZCTA5 95476,34575,null
860Z200US95480,ZCTA5 95480,64,null
860Z200US95482,ZCTA5 95482,33276,null
860Z200US95485,ZCTA5 95485,2671,null
860Z200US95486,ZCTA5 95486,71,null
860Z200US95488,ZCTA5 95488,240,null
860Z200US95490,ZCTA5 95490,14227,null
860Z200US95492,ZCTA5 95492,27819,null
860Z200US95493,ZCTA5 95493,218,null
860Z200US95494,ZCTA5 95494,291,null
860Z200US95497,ZCTA5 95497,1159,null
860Z200US95501,ZCTA5 95501,23323,null
860Z200US95503,ZCTA5 95503,24488,null
860Z200US95511,ZCTA5 95511,268,null
860Z200US95514,ZCTA5 95514,228,null
860Z200US95519,ZCTA5 95519,18421,null
860Z200US95521,ZCTA5 95521,21581,null
860Z200US95524,ZCTA5 95524,1691,null
860Z200US95525,ZCTA5 95525,1701,null
860Z200US95526,ZCTA5 95526,520,null
860Z200US95527,ZCTA5 95527,556,null
860Z200US95528,ZCTA5 95528,996,null
860Z200US95531,ZCTA5 95531,23223,null
860Z200US95536,ZCTA5 95536,2753,null
860Z200US95537,ZCTA5 95537,313,null
860Z200US95538,ZCTA5 95538,635,null
860Z200US95540,ZCTA5 95540,14055,null
860Z200US95542,ZCTA5 95542,2519,null
860Z200US95543,ZCTA5 95543,738,null
860Z200US95545,ZCTA5 95545,170,null
860Z200US95546,ZCTA5 95546,3641,null
860Z200US95547,ZCTA5 95547,1270,null
860Z200US95548,ZCTA5 95548,1205,null
860Z200US95549,ZCTA5 95549,898,null
860Z200US95550,ZCTA5 95550,151,null
860Z200US95551,ZCTA5 95551,1871,null
860Z200US95552,ZCTA5 95552,552,null
860Z200US95553,ZCTA5 95553,1054,null
860Z200US95554,ZCTA5 95554,297,null
860Z200US95555,ZCTA5 95555,415,null
860Z200US95556,ZCTA5 95556,650,null
860Z200US95558,ZCTA5 95558,548,null
860Z200US95559,ZCTA5 95559,163,null
860Z200US95560,ZCTA5 95560,1548,null
860Z200US95562,ZCTA5 95562,3475,null
860Z200US95563,ZCTA5 95563,589,null
860Z200US95564,ZCTA5 95564,438,null
860Z200US95565,ZCTA5 95565,875,null
860Z200US95567,ZCTA5 95567,1931,null
860Z200US95568,ZCTA5 95568,164,null
860Z200US95569,ZCTA5 95569,211,null
860Z200US95570,ZCTA5 95570,2543,null
860Z200US95571,ZCTA5 95571,297,null
860Z200US95573,ZCTA5 95573,1750,null
860Z200US95585,ZCTA5 95585,471,null
860Z200US95587,ZCTA5 95587,144,null
860Z200US95589,ZCTA5 95589,1648,null
860Z200US95595,ZCTA5 95595,146,null
860Z200US95601,ZCTA5 95601,284,null
860Z200US95602,ZCTA5 95602,18364,null
860Z200US95603,ZCTA5 95603,28021,null
860Z200US95604,ZCTA5 95604,49,null
860Z200US95605,ZCTA5 95605,14204,null
860Z200US95606,ZCTA5 95606,243,null
860Z200US95607,ZCTA5 95607,311,null
860Z200US95608,ZCTA5 95608,65367,null
860Z200US95610,ZCTA5 95610,46592,null
860Z200US95612,ZCTA5 95612,1317,null
860Z200US95613,ZCTA5 95613,135,null
860Z200US95614,ZCTA5 95614,3891,null
860Z200US95615,ZCTA5 95615,762,null
860Z200US95616,ZCTA5 95616,51003,null
860Z200US95618,ZCTA5 95618,27472,null
860Z200US95619,ZCTA5 95619,4816,null
860Z200US95620,ZCTA5 95620,21439,null
860Z200US95621,ZCTA5 95621,42941,null
860Z200US95623,ZCTA5 95623,4267,null
860Z200US95624,ZCTA5 95624,66575,null
860Z200US95625,ZCTA5 95625,175,null
860Z200US95626,ZCTA5 95626,5766,null
860Z200US95627,ZCTA5 95627,3899,null
860Z200US95628,ZCTA5 95628,42824,null
860Z200US95629,ZCTA5 95629,1036,null
860Z200US95630,ZCTA5 95630,74787,null
860Z200US95631,ZCTA5 95631,6362,null
860Z200US95632,ZCTA5 95632,31470,null
860Z200US95633,ZCTA5 95633,3017,null
860Z200US95634,ZCTA5 95634,3109,null
860Z200US95635,ZCTA5 95635,1236,null
860Z200US95636,ZCTA5 95636,1109,null
860Z200US95637,ZCTA5 95637,322,null
860Z200US95638,ZCTA5 95638,2295,null
860Z200US95639,ZCTA5 95639,273,null
860Z200US95640,ZCTA5 95640,12831,null
860Z200US95641,ZCTA5 95641,2266,null
860Z200US95642,ZCTA5 95642,7544,null
860Z200US95645,ZCTA5 95645,1715,null
860Z200US95646,ZCTA5 95646,188,null
860Z200US95648,ZCTA5 95648,54483,null
860Z200US95650,ZCTA5 95650,13446,null
860Z200US95651,ZCTA5 95651,763,null
860Z200US95652,ZCTA5 95652,914,null
860Z200US95653,ZCTA5 95653,579,null
860Z200US95655,ZCTA5 95655,4767,null
860Z200US95658,ZCTA5 95658,6532,null
860Z200US95659,ZCTA5 95659,724,null
860Z200US95660,ZCTA5 95660,35368,null
860Z200US95661,ZCTA5 95661,32847,null
860Z200US95662,ZCTA5 95662,32688,null
860Z200US95663,ZCTA5 95663,2905,null
860Z200US95664,ZCTA5 95664,1329,null
860Z200US95665,ZCTA5 95665,4657,null
860Z200US95666,ZCTA5 95666,5398,null
860Z200US95667,ZCTA5 95667,37283,null
860Z200US95668,ZCTA5 95668,872,null
860Z200US95669,ZCTA5 95669,2431,null
860Z200US95670,ZCTA5 95670,57988,null
860Z200US95671,ZCTA5 95671,5667,null
860Z200US95672,ZCTA5 95672,4700,null
860Z200US95673,ZCTA5 95673,16290,null
860Z200US95674,ZCTA5 95674,855,null
860Z200US95675,ZCTA5 95675,390,null
860Z200US95676,ZCTA5 95676,120,null
860Z200US95677,ZCTA5 95677,28351,null
860Z200US95678,ZCTA5 95678,45136,null
860Z200US95679,ZCTA5 95679,91,null
860Z200US95680,ZCTA5 95680,121,null
860Z200US95681,ZCTA5 95681,1324,null
860Z200US95682,ZCTA5 95682,30233,null
860Z200US95683,ZCTA5 95683,6550,null
860Z200US95684,ZCTA5 95684,3283,null
860Z200US95685,ZCTA5 95685,4542,null
860Z200US95686,ZCTA5 95686,1338,null
860Z200US95687,ZCTA5 95687,69837,null
860Z200US95688,ZCTA5 95688,39571,null
860Z200US95689,ZCTA5 95689,1274,null
860Z200US95690,ZCTA5 95690,2270,null
860Z200US95691,ZCTA5 95691,39849,null
860Z200US95692,ZCTA5 95692,4975,null
860Z200US95693,ZCTA5 95693,7549,null
860Z200US95694,ZCTA5 95694,9629,null
860Z200US95695,ZCTA5 95695,38956,null
860Z200US95697,ZCTA5 95697,396,null
860Z200US95698,ZCTA5 95698,213,null
860Z200US95699,ZCTA5 95699,175,null
860Z200US95701,ZCTA5 95701,986,null
860Z200US95703,ZCTA5 95703,1943,null
860Z200US95709,ZCTA5 95709,4874,null
860Z200US95713,ZCTA5 95713,9156,null
860Z200US95714,ZCTA5 95714,360,null
860Z200US95715,ZCTA5 95715,98,null
860Z200US95717,ZCTA5 95717,243,null
860Z200US95720,ZCTA5 95720,133,null
860Z200US95721,ZCTA5 95721,32,null
860Z200US95722,ZCTA5 95722,4682,null
860Z200US95726,ZCTA5 95726,8985,null
860Z200US95728,ZCTA5 95728,457,null
860Z200US95735,ZCTA5 95735,87,null
860Z200US95736,ZCTA5 95736,339,null
860Z200US95742,ZCTA5 95742,16260,null
860Z200US95746,ZCTA5 95746,22166,null
860Z200US95747,ZCTA5 95747,75019,null
860Z200US95757,ZCTA5 95757,55257,null
860Z200US95758,ZCTA5 95758,64517,null
860Z200US95762,ZCTA5 95762,47354,null
860Z200US95765,ZCTA5 95765,43120,null
860Z200US95776,ZCTA5 95776,26612,null
860Z200US95811,ZCTA5 95811,12463,null
860Z200US95814,ZCTA5 95814,12208,null
860Z200US95815,ZCTA5 95815,27838,null
860Z200US95816,ZCTA5 95816,18606,null
860Z200US95817,ZCTA5 95817,14270,null
860Z200US95818,ZCTA5 95818,22375,null
860Z200US95819,ZCTA5 95819,20812,null
860Z200US95820,ZCTA5 95820,36848,null
860Z200US95821,ZCTA5 95821,39310,null
860Z200US95822,ZCTA5 95822,45215,null
860Z200US95823,ZCTA5 95823,81212,null
860Z200US95824,ZCTA5 95824,31524,null
860Z200US95825,ZCTA5 95825,36081,null
860Z200US95826,ZCTA5 95826,39902,null
860Z200US95827,ZCTA5 95827,21566,null
860Z200US95828,ZCTA5 95828,63116,null
860Z200US95829,ZCTA5 95829,32123,null
860Z200US95830,ZCTA5 95830,1015,null
860Z200US95831,ZCTA5 95831,43099,null
860Z200US95832,ZCTA5 95832,11930,null
860Z200US95833,ZCTA5 95833,40195,null
860Z200US95834,ZCTA5 95834,35617,null
860Z200US95835,ZCTA5 95835,41399,null
860Z200US95837,ZCTA5 95837,242,null
860Z200US95838,ZCTA5 95838,41340,null
860Z200US95841,ZCTA5 95841,21873,null
860Z200US95842,ZCTA5 95842,34196,null
860Z200US95843,ZCTA5 95843,48234,null
860Z200US95864,ZCTA5 95864,24249,null
860Z200US95901,ZCTA5 95901,35840,null
860Z200US95903,ZCTA5 95903,2412,null
860Z200US95910,ZCTA5 95910,64,null
860Z200US95912,ZCTA5 95912,4942,null
860Z200US95913,ZCTA5 95913,369,null
860Z200US95914,ZCTA5 95914,693,null
860Z200US95915,ZCTA5 95915,52,null
860Z200US95916,ZCTA5 95916,1680,null
860Z200US95917,ZCTA5 95917,3264,null
860Z200US95918,ZCTA5 95918,2259,null
860Z200US95919,ZCTA5 95919,1411,null
860Z200US95920,ZCTA5 95920,267,null
860Z200US95922,ZCTA5 95922,666,null
860Z200US95923,ZCTA5 95923,53,null
860Z200US95925,ZCTA5 95925,281,null
860Z200US95926,ZCTA5 95926,41259,null
860Z200US95928,ZCTA5 95928,38378,null
860Z200US95929,ZCTA5 95929,0,null
860Z200US95930,ZCTA5 95930,253,null
860Z200US95932,ZCTA5 95932,7832,null
860Z200US95934,ZCTA5 95934,322,null
860Z200US95935,ZCTA5 95935,750,null
860Z200US95936,ZCTA5 95936,361,null
860Z200US95937,ZCTA5 95937,1554,null
860Z200US95938,ZCTA5 95938,3740,null
860Z200US95939,ZCTA5 95939,545,null
860Z200US95941,ZCTA5 95941,480,null
860Z200US95942,ZCTA5 95942,1576,null
860Z200US95943,ZCTA5 95943,774,null
860Z200US95944,ZCTA5 95944,45,null
860Z200US95945,ZCTA5 95945,26302,null
860Z200US95946,ZCTA5 95946,9964,null
860Z200US95947,ZCTA5 95947,1583,null
860Z200US95948,ZCTA5 95948,11603,null
860Z200US95949,ZCTA5 95949,20720,null
860Z200US95950,ZCTA5 95950,413,null
860Z200US95951,ZCTA5 95951,2385,null
860Z200US95953,ZCTA5 95953,11357,null
860Z200US95954,ZCTA5 95954,8556,null
860Z200US95955,ZCTA5 95955,1403,null
860Z200US95956,ZCTA5 95956,458,null
860Z200US95957,ZCTA5 95957,669,null
860Z200US95958,ZCTA5 95958,45,null
860Z200US95959,ZCTA5 95959,18621,null
860Z200US95960,ZCTA5 95960,762,null
860Z200US95961,ZCTA5 95961,30717,null
860Z200US95962,ZCTA5 95962,1316,null
860Z200US95963,ZCTA5 95963,16250,null
860Z200US95965,ZCTA5 95965,21548,null
860Z200US95966,ZCTA5 95966,31591,null
860Z200US95968,ZCTA5 95968,1512,null
860Z200US95969,ZCTA5 95969,5710,null
860Z200US95970,ZCTA5 95970,535,null
860Z200US95971,ZCTA5 95971,5672,null
860Z200US95972,ZCTA5 95972,84,null
860Z200US95973,ZCTA5 95973,39609,null
860Z200US95974,ZCTA5 95974,142,null
860Z200US95975,ZCTA5 95975,1702,null
860Z200US95977,ZCTA5 95977,1797,null
860Z200US95978,ZCTA5 95978,137,null
860Z200US95979,ZCTA5 95979,519,null
860Z200US95981,ZCTA5 95981,191,null
860Z200US95982,ZCTA5 95982,3283,null
860Z200US95983,ZCTA5 95983,401,null
860Z200US95984,ZCTA5 95984,139,null
860Z200US95986,ZCTA5 95986,121,null
860Z200US95987,ZCTA5 95987,6270,null
860Z200US95988,ZCTA5 95988,8842,null
860Z200US95991,ZCTA5 95991,43345,null
860Z200US95993,ZCTA5 95993,37783,null
860Z200US96001,ZCTA5 96001,33914,null
860Z200US96002,ZCTA5 96002,35158,null
860Z200US96003,ZCTA5 96003,45185,null
860Z200US96006,ZCTA5 96006,473,null
860Z200US96007,ZCTA5 96007,24056,null
860Z200US96008,ZCTA5 96008,1237,null
860Z200US96009,ZCTA5 96009,481,null
860Z200US96010,ZCTA5 96010,154,null
860Z200US96011,ZCTA5 96011,148,null
860Z200US96013,ZCTA5 96013,4020,null
860Z200US96014,ZCTA5 96014,237,null
860Z200US96015,ZCTA5 96015,364,null
860Z200US96016,ZCTA5 96016,399,null
860Z200US96017,ZCTA5 96017,169,null
860Z200US96019,ZCTA5 96019,10491,null
860Z200US96020,ZCTA5 96020,2407,null
860Z200US96021,ZCTA5 96021,17123,null
860Z200US96022,ZCTA5 96022,16528,null
860Z200US96023,ZCTA5 96023,1102,null
860Z200US96024,ZCTA5 96024,859,null
860Z200US96025,ZCTA5 96025,2225,null
860Z200US96027,ZCTA5 96027,1953,null
860Z200US96028,ZCTA5 96028,1679,null
860Z200US96029,ZCTA5 96029,138,null
860Z200US96031,ZCTA5 96031,118,null
860Z200US96032,ZCTA5 96032,2593,null
860Z200US96033,ZCTA5 96033,429,null
860Z200US96034,ZCTA5 96034,345,null
860Z200US96035,ZCTA5 96035,3175,null
860Z200US96037,ZCTA5 96037,312,null
860Z200US96038,ZCTA5 96038,586,null
860Z200US96039,ZCTA5 96039,1037,null
860Z200US96040,ZCTA5 96040,283,null
860Z200US96041,ZCTA5 96041,5574,null
860Z200US96044,ZCTA5 96044,1015,null
860Z200US96046,ZCTA5 96046,304,null
860Z200US96047,ZCTA5 96047,888,null
860Z200US96048,ZCTA5 96048,698,null
860Z200US96050,ZCTA5 96050,476,null
860Z200US96051,ZCTA5 96051,1136,null
860Z200US96052,ZCTA5 96052,1498,null
860Z200US96054,ZCTA5 96054,288,null
860Z200US96055,ZCTA5 96055,3951,null
860Z200US96056,ZCTA5 96056,1444,null
860Z200US96057,ZCTA5 96057,1202,null
860Z200US96058,ZCTA5 96058,659,null
860Z200US96059,ZCTA5 96059,572,null
860Z200US96061,ZCTA5 96061,90,null
860Z200US96062,ZCTA5 96062,994,null
860Z200US96063,ZCTA5 96063,125,null
860Z200US96064,ZCTA5 96064,4387,null
860Z200US96065,ZCTA5 96065,409,null
860Z200US96067,ZCTA5 96067,7145,null
860Z200US96068,ZCTA5 96068,185,null
860Z200US96069,ZCTA5 96069,1052,null
860Z200US96071,ZCTA5 96071,127,null
860Z200US96073,ZCTA5 96073,4614,null
860Z200US96074,ZCTA5 96074,312,null
860Z200US96075,ZCTA5 96075,427,null
860Z200US96076,ZCTA5 96076,276,null
860Z200US96078,ZCTA5 96078,57,null
860Z200US96080,ZCTA5 96080,29672,null
860Z200US96084,ZCTA5 96084,515,null
860Z200US96085,ZCTA5 96085,63,null
860Z200US96086,ZCTA5 96086,300,null
860Z200US96087,ZCTA5 96087,547,null
860Z200US96088,ZCTA5 96088,4781,null
860Z200US96090,ZCTA5 96090,451,null
860Z200US96091,ZCTA5 96091,574,null
860Z200US96092,ZCTA5 96092,419,null
860Z200US96093,ZCTA5 96093,4140,null
860Z200US96094,ZCTA5 96094,6908,null
860Z200US96096,ZCTA5 96096,763,null
860Z200US96097,ZCTA5 96097,10131,null
860Z200US96101,ZCTA5 96101,5238,null
860Z200US96103,ZCTA5 96103,1611,null
860Z200US96104,ZCTA5 96104,613,null
860Z200US96105,ZCTA5 96105,568,null
860Z200US96106,ZCTA5 96106,522,null
860Z200US96107,ZCTA5 96107,1100,null
860Z200US96108,ZCTA5 96108,129,null
860Z200US96109,ZCTA5 96109,888,null
860Z200US96110,ZCTA5 96110,101,null
860Z200US96111,ZCTA5 96111,80,null
860Z200US96112,ZCTA5 96112,219,null
860Z200US96113,ZCTA5 96113,1898,null
860Z200US96114,ZCTA5 96114,3101,null
860Z200US96115,ZCTA5 96115,169,null
860Z200US96116,ZCTA5 96116,150,null
860Z200US96117,ZCTA5 96117,337,null
860Z200US96118,ZCTA5 96118,1447,null
860Z200US96119,ZCTA5 96119,82,null
860Z200US96120,ZCTA5 96120,955,null
860Z200US96121,ZCTA5 96121,334,null
860Z200US96122,ZCTA5 96122,4070,null
860Z200US96123,ZCTA5 96123,100,null
860Z200US96124,ZCTA5 96124,343,null
860Z200US96125,ZCTA5 96125,291,null
860Z200US96126,ZCTA5 96126,273,null
860Z200US96128,ZCTA5 96128,535,null
860Z200US96129,ZCTA5 96129,266,null
860Z200US96130,ZCTA5 96130,22121,null
860Z200US96132,ZCTA5 96132,53,null
860Z200US96133,ZCTA5 96133,175,null
860Z200US96134,ZCTA5 96134,2028,null
860Z200US96135,ZCTA5 96135,82,null
860Z200US96136,ZCTA5 96136,116,null
860Z200US96137,ZCTA5 96137,3265,null
860Z200US96140,ZCTA5 96140,1115,null
860Z200US96141,ZCTA5 96141,600,null
860Z200US96142,ZCTA5 96142,973,null
860Z200US96143,ZCTA5 96143,3965,null
860Z200US96145,ZCTA5 96145,3189,null
860Z200US96146,ZCTA5 96146,1194,null
860Z200US96148,ZCTA5 96148,993,null
860Z200US96150,ZCTA5 96150,29518,null
860Z200US96155,ZCTA5 96155,8,null
860Z200US96161,ZCTA5 96161,19651,null
860Z200US97635,ZCTA5 97635,285,null